,Date,compound
0,2020-03-16,0.12866666666666665
1,2020-03-17,0.2353
2,2020-03-18,0.07862307692307692
3,2020-03-19,0.06504545454545455
4,2020-03-20,0.2576
5,2020-03-21,0.21615454545454546
6,2020-03-22,-0.25165
7,2020-03-23,0.2467375
8,2020-03-24,0.24736
9,2020-03-25,0.28659999999999997
10,2020-03-26,0.20364444444444443
11,2020-03-27,0.2399
12,2020-03-28,0.14086666666666667
13,2020-03-29,0.0
14,2020-03-30,0.1305111111111111
15,2020-03-31,0.2064142857142857
16,2020-04-01,0.37914
17,2020-04-02,-0.027100000000000003
18,2020-04-03,0.20028125
19,2020-04-04,-0.033662500000000005
20,2020-04-05,0.214995
21,2020-04-06,0.1722923076923077
22,2020-04-07,0.17933636363636363
23,2020-04-08,0.13855555555555557
24,2020-04-09,-0.050960000000000005
25,2020-04-10,0.06961666666666667
26,2020-04-11,0.1971125
27,2020-04-12,0.2075142857142857
28,2020-04-13,0.1586428571428571
29,2020-04-14,0.353175
30,2020-04-15,0.4854
31,2020-04-16,0.15426071428571428
32,2020-04-17,0.05705555555555556
33,2020-04-18,0.22367058823529412
34,2020-04-19,0.3101928571428571
35,2020-04-20,0.31457999999999997
36,2020-04-21,0.318225
37,2020-04-22,0.14801052631578948
38,2020-04-23,0.280405
39,2020-04-24,0.11345000000000001
40,2020-04-25,0.35013636363636363
41,2020-04-26,0.1638153846153846
42,2020-04-27,0.15887500000000002
43,2020-04-28,0.0
44,2020-04-29,0.15051111111111112
45,2020-04-30,-0.03105882352941176
46,2020-05-01,0.10165357142857144
47,2020-05-02,0.32003846153846155
48,2020-05-03,0.45858
49,2020-05-04,0.07045555555555556
50,2020-05-05,0.12159500000000001
51,2020-05-06,0.26098947368421055
52,2020-05-07,0.10258333333333333
53,2020-05-08,0.26398125
54,2020-05-09,0.043127777777777786
55,2020-05-10,-0.005953846153846157
56,2020-05-11,0.20576521739130438
57,2020-05-12,0.18873529411764706
58,2020-05-13,0.22009285714285715
59,2020-05-14,0.13172499999999998
60,2020-05-15,0.15564545454545453
61,2020-05-16,0.0
62,2020-05-17,0.2593142857142857
63,2020-05-18,0.5007
64,2020-05-19,0.07
65,2020-05-20,0.4215
66,2020-05-21,0.2121333333333333
67,2020-05-22,0.12324615384615384
68,2020-05-23,0.20579999999999998
69,2020-05-24,-0.020085714285714294
70,2020-05-25,0.15735
71,2020-05-26,0.3613142857142857
72,2020-05-27,0.24126666666666666
73,2020-05-28,0.0
74,2020-05-29,0.2653666666666667
75,2020-05-30,0.05387499999999999
76,2020-05-31,0.10602222222222221
77,2020-06-01,-0.005699999999999997
78,2020-06-02,0.0
79,2020-06-03,0.0
80,2020-06-04,0.35508333333333336
81,2020-06-05,0.13396666666666665
82,2020-06-06,0.07574166666666667
83,2020-06-07,0.22513333333333332
84,2020-06-08,0.07335
85,2020-06-09,0.031333333333333324
86,2020-06-10,0.2300769230769231
87,2020-06-11,0.17524666666666666
88,2020-06-12,0.0
89,2020-06-13,0.0
90,2020-06-14,0.318
91,2020-06-15,0.047075
92,2020-06-16,0.10103999999999999
93,2020-06-17,-0.5559
94,2020-06-18,0.045533333333333335
95,2020-06-19,0.15981666666666666
96,2020-06-20,0.11796666666666668
97,2020-06-21,0.30373142857142854
98,2020-06-22,0.11482857142857142
99,2020-06-23,0.13343333333333332
100,2020-06-24,0.2607285714285714
101,2020-06-25,0.21660000000000001
102,2020-06-26,0.20114444444444446
103,2020-06-27,0.27168000000000003
104,2020-06-28,0.208425
105,2020-06-29,0.425325
106,2020-06-30,0.11468750000000001
107,2020-07-01,0.2950875
108,2020-07-02,0.2359891891891892
109,2020-07-03,0.1524875
110,2020-07-04,0.1935
111,2020-07-05,0.24146785714285715
112,2020-07-06,0.18645714285714285
113,2020-07-07,0.33496666666666663
114,2020-07-08,0.14955000000000002
115,2020-07-09,0.0620125
116,2020-07-10,0.26757272727272724
117,2020-07-11,0.1147
118,2020-07-12,0.3396333333333333
119,2020-07-13,0.16458666666666666
120,2020-07-14,0.26559166666666667
121,2020-07-15,0.02769375
122,2020-07-16,0.0
123,2020-07-17,-0.148
124,2020-07-18,0.1383066666666667
125,2020-07-19,0.23606666666666667
126,2020-07-20,0.1421375
127,2020-07-21,0.13665
128,2020-07-22,0.10881
129,2020-07-23,0.2726454545454545
130,2020-07-24,0.25890625
131,2020-07-25,-0.12528571428571428
132,2020-07-26,0.24736666666666668
133,2020-07-27,0.24198076923076922
134,2020-07-28,0.08414444444444442
135,2020-07-29,0.18218888888888887
136,2020-07-30,0.1382741935483871
137,2020-07-31,0.1423777777777778
138,2020-08-01,0.06500000000000002
139,2020-08-02,0.09512142857142858
140,2020-08-03,0.203025
141,2020-08-04,0.14049999999999999
142,2020-08-05,0.17541666666666667
143,2020-08-06,0.0
144,2020-08-07,0.13361
145,2020-08-08,0.20952727272727276
146,2020-08-09,0.0
147,2020-08-10,0.0
148,2020-08-11,0.0939875
149,2020-08-12,-0.0258
150,2020-08-13,0.12114285714285715
151,2020-08-14,0.347284
152,2020-08-15,0.11179999999999998
153,2020-08-16,0.24300624999999998
154,2020-08-17,0.11151666666666665
155,2020-08-18,0.17198125
156,2020-08-19,0.17271739130434782
157,2020-08-20,0.15317333333333333
158,2020-08-21,0.1097
159,2020-08-22,0.0
160,2020-08-23,0.0
161,2020-08-24,0.013087499999999988
162,2020-08-25,0.17800000000000002
163,2020-08-26,0.12198333333333333
164,2020-08-27,8.181818181816776e-05
165,2020-08-28,0.12839333333333333
166,2020-08-29,0.16492
167,2020-08-30,0.12239047619047619
168,2020-08-31,0.18203999999999998
169,2020-09-01,-0.059887499999999996
170,2020-09-02,0.3715
171,2020-09-03,0.233975
172,2020-09-04,0.08335999999999999
173,2020-09-05,0.07689999999999998
174,2020-09-06,0.0
175,2020-09-07,0.0407
176,2020-09-08,0.0
177,2020-09-09,0.1154
178,2020-09-10,0.3100727272727273
179,2020-09-11,0.6213000000000001
180,2020-09-12,0.17594615384615386
181,2020-09-13,0.229775
182,2020-09-14,0.22213333333333332
183,2020-09-15,0.37265714285714285
184,2020-09-16,0.040700000000000014
185,2020-09-17,0.07156
186,2020-09-18,0.43835
187,2020-09-19,0.30473333333333336
188,2020-09-20,0.34833571428571425
189,2020-09-21,0.4783625
190,2020-09-22,0.16463999999999998
191,2020-09-23,0.237125
192,2020-09-24,0.175075
193,2020-09-25,0.10720714285714286
194,2020-09-26,0.20486785714285713
195,2020-09-27,0.0
196,2020-09-28,0.2612909090909091
197,2020-09-29,0.0593
198,2020-09-30,0.3760666666666666
199,2020-10-01,0.44195555555555555
200,2020-10-02,0.32557777777777774
201,2020-10-03,0.05204000000000001
202,2020-10-04,0.12306666666666666
203,2020-10-05,0.3312181818181818
204,2020-10-06,0.31231
205,2020-10-07,0.0763225806451613
206,2020-10-08,0.28639230769230767
207,2020-10-09,0.19911250000000003
208,2020-10-10,0.16625
209,2020-10-11,0.15429999999999996
210,2020-10-12,0.308235
211,2020-10-13,0.24870909090909094
212,2020-10-14,0.2268578947368421
213,2020-10-15,0.0
214,2020-10-16,0.39155555555555555
215,2020-10-17,0.39276
216,2020-10-18,0.4019
217,2020-10-19,-0.11315
218,2020-10-20,-0.020449999999999996
219,2020-10-21,0.08716666666666667
220,2020-10-22,0.17742727272727274
221,2020-10-23,0.3086714285714286
222,2020-10-24,0.23854999999999998
223,2020-10-25,0.2825
224,2020-10-26,0.2787
225,2020-10-27,0.17317142857142856
226,2020-10-28,0.0917090909090909
227,2020-10-29,0.12513636363636363
228,2020-10-30,0.20693999999999999
229,2020-10-31,0.29569411764705883
230,2020-11-01,0.15335555555555555
231,2020-11-02,0.05836666666666668
232,2020-11-03,0.13593
233,2020-11-04,-0.2244
234,2020-11-05,-0.10129999999999999
235,2020-11-06,0.29562222222222223
236,2020-11-07,0.0
237,2020-11-08,0.18921000000000002
238,2020-11-09,0.06462666666666667
239,2020-11-10,0.634775
240,2020-11-11,0.4019
241,2020-11-12,0.26733333333333337
242,2020-11-13,0.21039642857142857
243,2020-11-14,0.15127222222222222
244,2020-11-15,0.20167142857142856
245,2020-11-16,0.16167272727272727
246,2020-11-17,0.153
247,2020-11-18,0.13702
248,2020-11-19,0.31683636363636364
249,2020-11-20,0.22011333333333336
250,2020-11-21,0.1679277777777778
251,2020-11-22,0.6369
252,2020-11-23,0.37566666666666665
253,2020-11-24,0.2663625
254,2020-11-25,0.1093909090909091
255,2020-11-26,0.33254285714285714
256,2020-11-27,0.0
257,2020-11-28,0.3051285714285714
258,2020-11-29,-0.14643333333333333
259,2020-11-30,0.48279999999999995
260,2020-12-01,-0.6808
261,2020-12-02,0.2258
262,2020-12-03,0.03375
263,2020-12-04,0.0
264,2020-12-05,0.51895
265,2020-12-06,0.318
266,2020-12-07,0.1767857142857143
267,2020-12-08,0.19074999999999998
268,2020-12-09,0.18495999999999999
269,2020-12-10,0.550275
270,2020-12-11,0.33755
271,2020-12-12,0.15293333333333334
272,2020-12-13,0.0
273,2020-12-14,0.12572
274,2020-12-15,0.41512000000000004
275,2020-12-16,0.34481249999999997
276,2020-12-17,0.24386999999999998
277,2020-12-18,0.0
278,2020-12-19,0.0
279,2020-12-20,0.25878823529411765
280,2020-12-21,0.30968
281,2020-12-22,-0.0908
282,2020-12-23,-0.01815
283,2020-12-24,0.19824999999999998
284,2020-12-25,0.2103583333333333
285,2020-12-26,0.2327
286,2020-12-27,0.3659461538461538
287,2020-12-28,0.021333333333333333
288,2020-12-29,0.16512
289,2020-12-30,0.2416
290,2020-12-31,0.2883
291,2021-01-01,0.9052
292,2021-01-02,0.29968
293,2021-01-03,0.4019
294,2021-01-04,-0.07655
295,2021-01-05,0.4728
296,2021-01-06,0.0
297,2021-01-07,0.12876315789473683
298,2021-01-08,0.19765
299,2021-01-09,0.28482631578947365
300,2021-01-10,-0.1806
301,2021-01-11,0.215625
302,2021-01-12,0.1600888888888889
303,2021-01-13,0.11119333333333332
304,2021-01-14,0.10115
305,2021-01-15,0.37922307692307694
306,2021-01-16,0.21306000000000003
307,2021-01-17,0.4404
308,2021-01-18,0.35874
309,2021-01-19,0.0
310,2021-01-20,0.0
311,2021-01-21,0.42157999999999995
312,2021-01-22,0.441425
313,2021-01-23,0.014133333333333331
314,2021-01-24,0.09147999999999999
315,2021-01-25,-0.06608333333333331
316,2021-01-26,0.22470833333333332
317,2021-01-27,0.0
318,2021-01-28,0.07676
319,2021-01-29,0.1277222222222222
320,2021-01-30,0.21405555555555555
321,2021-01-31,0.4121111111111111
322,2021-02-01,0.324125
323,2021-02-02,0.0
324,2021-02-03,0.0
325,2021-02-04,0.03419523809523809
326,2021-02-05,0.19649999999999998
327,2021-02-06,0.15961176470588234
328,2021-02-07,0.08973636363636363
329,2021-02-08,0.08715
330,2021-02-09,0.0003300000000000081
331,2021-02-10,0.12297692307692308
332,2021-02-11,0.37134285714285714
333,2021-02-12,0.0
334,2021-02-13,0.21427999999999997
335,2021-02-14,0.4306666666666666
336,2021-02-15,-0.06645
337,2021-02-16,0.1815857142857143
338,2021-02-17,0.0
339,2021-02-18,0.63845
340,2021-02-19,0.10723333333333335
341,2021-02-20,0.28077
342,2021-02-21,0.09085714285714286
343,2021-02-22,0.2163
344,2021-02-23,0.08116666666666666
345,2021-02-24,0.08433076923076924
346,2021-02-25,0.11281764705882352
347,2021-02-26,0.041666666666666664
348,2021-02-27,0.0
349,2021-02-28,0.0
350,2021-03-01,0.12755555555555556
351,2021-03-02,0.01035999999999999
352,2021-03-03,0.22808461538461539
353,2021-03-04,0.16974999999999998
354,2021-03-05,-0.06767999999999999
355,2021-03-06,0.08062857142857142
356,2021-03-07,-0.296
357,2021-03-08,0.40112857142857145
358,2021-03-09,-0.04633750000000001
359,2021-03-10,0.17487999999999998
360,2021-03-11,0.24945
361,2021-03-12,-0.086
362,2021-03-13,0.008457142857142845
363,2021-03-14,0.3666615384615385
364,2021-03-15,0.100475
365,2021-03-16,0.0
366,2021-03-17,0.09916666666666667
367,2021-03-18,0.13617142857142855
368,2021-03-19,0.07100909090909091
369,2021-03-20,0.3010833333333333
370,2021-03-21,0.3095363636363636
371,2021-03-22,0.3382
372,2021-03-23,0.189275
373,2021-03-24,0.07
374,2021-03-25,-0.04925454545454545
375,2021-03-26,0.2618666666666667
376,2021-03-27,0.28700000000000003
377,2021-03-28,0.0843
378,2021-03-29,0.09225
379,2021-03-30,0.27747058823529414
380,2021-03-31,0.21075
381,2021-04-01,0.15288
382,2021-04-02,0.45295
383,2021-04-03,-0.2622
384,2021-04-04,0.08001250000000001
385,2021-04-05,0.290425
386,2021-04-06,0.22246666666666667
387,2021-04-07,0.2151833333333333
388,2021-04-08,0.04572
389,2021-04-09,0.21591923076923078
390,2021-04-10,0.19247916666666667
391,2021-04-11,0.27096
392,2021-04-12,0.0
393,2021-04-13,-0.6428
394,2021-04-14,0.20696818181818183
395,2021-04-15,0.16241818181818182
396,2021-04-16,0.04495
397,2021-04-17,0.3037125
398,2021-04-18,0.0
399,2021-04-19,0.69045
400,2021-04-20,0.255325
401,2021-04-21,0.119175
402,2021-04-22,0.22691875
403,2021-04-23,0.033716666666666666
404,2021-04-24,0.214775
405,2021-04-25,0.172325
406,2021-04-26,0.3724222222222222
407,2021-04-27,0.1721111111111111
408,2021-04-28,0.21283125
409,2021-04-29,0.2544166666666667
410,2021-04-30,0.0
411,2021-05-01,-0.0789
412,2021-05-02,0.4063800000000001
413,2021-05-03,0.4728333333333334
414,2021-05-04,-0.07925
415,2021-05-05,0.08038
416,2021-05-06,0.2845909090909091
417,2021-05-07,0.08711666666666666
418,2021-05-08,0.24905714285714284
419,2021-05-09,0.3592
420,2021-05-10,0.28191428571428573
421,2021-05-11,0.1101
422,2021-05-12,0.32223333333333337
423,2021-05-13,0.3016375
424,2021-05-14,0.10606666666666666
425,2021-05-15,0.4019
426,2021-05-16,-0.08372857142857144
427,2021-05-17,0.3062
428,2021-05-18,0.18365
429,2021-05-19,0.3745833333333333
430,2021-05-20,0.239625
431,2021-05-21,0.6883250000000001
432,2021-05-22,0.3473571428571428
433,2021-05-23,0.5707
434,2021-05-24,0.50034
435,2021-05-25,-0.0541
436,2021-05-26,-0.016919999999999998
437,2021-05-27,0.1242
438,2021-05-28,-0.04414
439,2021-05-29,0.31225833333333336
440,2021-05-30,0.070225
441,2021-05-31,0.14339999999999997
442,2021-06-01,0.14305714285714285
443,2021-06-02,0.033125
444,2021-06-03,0.0
445,2021-06-04,0.08042142857142857
446,2021-06-05,0.19442500000000001
447,2021-06-06,0.1280888888888889
448,2021-06-07,0.3524666666666667
449,2021-06-08,0.0
450,2021-06-09,0.2878
451,2021-06-10,0.277675
452,2021-06-11,0.3750714285714286
453,2021-06-12,0.6588
454,2021-06-13,0.43533333333333335
455,2021-06-14,0.17716666666666667
456,2021-06-15,0.28496
457,2021-06-16,0.39964
458,2021-06-17,0.3407
459,2021-06-18,0.40372
460,2021-06-19,0.21075
461,2021-06-20,0.4537
462,2021-06-21,0.074
463,2021-06-22,0.5859
464,2021-06-23,0.125
465,2021-06-24,0.4105833333333333
466,2021-06-25,0.21526666666666666
467,2021-06-26,0.0
468,2021-06-27,0.1591
469,2021-06-28,0.49585
470,2021-06-29,0.11364999999999999
471,2021-06-30,0.2414888888888889
472,2021-07-01,0.182156
473,2021-07-02,0.18912
474,2021-07-03,0.3505
475,2021-07-04,0.2712333333333333
476,2021-07-05,0.09395714285714288
477,2021-07-06,0.3027285714285714
478,2021-07-07,0.17870833333333333
479,2021-07-08,0.130244
480,2021-07-09,0.10308666666666667
481,2021-07-10,0.34642105263157896
482,2021-07-11,0.29052500000000003
483,2021-07-12,0.17296666666666666
484,2021-07-13,0.12053
485,2021-07-14,0.13021999999999997
486,2021-07-15,0.3897421052631579
487,2021-07-16,0.16732857142857144
488,2021-07-17,0.23882173913043478
489,2021-07-18,0.23485000000000003
490,2021-07-19,0.23969999999999997
491,2021-07-20,0.3387375
492,2021-07-21,0.1508
493,2021-07-22,0.161975
494,2021-07-23,0.4023357142857143
495,2021-07-24,0.15273333333333333
496,2021-07-25,0.15818333333333331
497,2021-07-26,0.2096
498,2021-07-27,0.30474545454545454
499,2021-07-28,0.27085
500,2021-07-29,0.29797826086956525
501,2021-07-30,0.11539000000000002
502,2021-07-31,0.065468
503,2021-08-01,0.09878
504,2021-08-02,0.008124999999999993
505,2021-08-03,0.2975
506,2021-08-04,0.26486363636363636
507,2021-08-05,0.07565263157894737
508,2021-08-06,0.10073636363636362
509,2021-08-07,0.2997
510,2021-08-08,0.0
511,2021-08-09,0.0
512,2021-08-10,0.1921
513,2021-08-11,0.19192
514,2021-08-12,0.04141111111111111
515,2021-08-13,0.0779695652173913
516,2021-08-14,0.0990388888888889
517,2021-08-15,0.25999999999999995
518,2021-08-16,0.6249
519,2021-08-17,0.5106
520,2021-08-18,0.12440000000000001
521,2021-08-19,0.0
522,2021-08-20,0.05741428571428571
523,2021-08-21,0.39796666666666664
524,2021-08-22,0.0
525,2021-08-23,0.10581538461538462
526,2021-08-24,0.33735
527,2021-08-25,0.2646
528,2021-08-26,-0.05715
529,2021-08-27,0.34567499999999995
530,2021-08-28,0.19375
531,2021-08-29,0.0
532,2021-08-30,0.05451666666666666
533,2021-08-31,0.07402
534,2021-09-01,0.17002857142857145
535,2021-09-02,0.44147333333333333
536,2021-09-03,0.25445
537,2021-09-04,0.223625
538,2021-09-05,0.0
539,2021-09-06,0.2968777777777778
540,2021-09-07,0.049250000000000016
541,2021-09-08,0.1691
542,2021-09-09,0.10120666666666667
543,2021-09-10,0.06755555555555555
544,2021-09-11,0.1874888888888889
545,2021-09-12,0.05309375
546,2021-09-13,-0.016674999999999995
547,2021-09-14,-0.093575
548,2021-09-15,0.0
549,2021-09-16,0.51195
550,2021-09-17,0.4519916666666666
551,2021-09-18,0.16356086956521737
552,2021-09-19,0.21333333333333332
553,2021-09-20,0.23974545454545454
554,2021-09-21,0.3520666666666667
555,2021-09-22,0.1334
556,2021-09-23,0.0
557,2021-09-24,0.025675
558,2021-09-25,0.0241875
559,2021-09-26,0.20500000000000002
560,2021-09-27,-0.06625
561,2021-09-28,0.030128571428571425
562,2021-09-29,0.09965
563,2021-09-30,0.3838
564,2021-10-01,0.20095
565,2021-10-02,0.32881
566,2021-10-03,0.3539625
567,2021-10-04,-0.0258
568,2021-10-05,0.0
569,2021-10-06,0.0
570,2021-10-07,0.49814615384615385
571,2021-10-08,0.22578333333333334
572,2021-10-09,0.17291818181818183
573,2021-10-10,0.5748666666666666
574,2021-10-11,0.08659285714285714
575,2021-10-12,0.17225000000000001
576,2021-10-13,0.0
577,2021-10-14,0.20147142857142858
578,2021-10-15,0.311
579,2021-10-16,0.26335
580,2021-10-17,0.12513846153846153
581,2021-10-18,0.4141333333333333
582,2021-10-19,0.23087142857142856
583,2021-10-20,-0.0017428571428571332
584,2021-10-21,0.05118333333333333
585,2021-10-22,0.09853
586,2021-10-23,0.3498333333333333
587,2021-10-24,0.04773999999999999
588,2021-10-25,0.018382352941176464
589,2021-10-26,0.24340714285714288
590,2021-10-27,0.228175
591,2021-10-28,0.09033
592,2021-10-29,0.04521538461538462
593,2021-10-30,0.1101
594,2021-10-31,0.11674000000000001
595,2021-11-01,0.14284666666666665
596,2021-11-02,0.1382375
597,2021-11-03,0.10004285714285714
598,2021-11-04,0.1736090909090909
599,2021-11-05,0.0
600,2021-11-06,0.18215454545454549
601,2021-11-07,0.2332125
602,2021-11-08,0.1190125
603,2021-11-09,0.11005
604,2021-11-10,0.08604285714285716
605,2021-11-11,0.418
606,2021-11-12,0.117175
607,2021-11-13,0.13086
608,2021-11-14,0.09749999999999999
609,2021-11-15,0.14029375
610,2021-11-16,0.17826
611,2021-11-17,0.566825
612,2021-11-18,-0.020476470588235297
613,2021-11-19,0.033525
614,2021-11-20,0.19521000000000002
615,2021-11-21,0.18418571428571426
616,2021-11-22,0.157996
617,2021-11-23,0.12143333333333334
618,2021-11-24,0.049929999999999995
619,2021-11-25,0.27712857142857145
620,2021-11-26,0.249425
621,2021-11-27,0.12257
622,2021-11-28,0.0
623,2021-11-29,0.213125
624,2021-11-30,0.08876666666666666
625,2021-12-01,0.07198333333333334
626,2021-12-02,0.039854545454545455
627,2021-12-03,0.3016466666666667
628,2021-12-04,0.0918875
629,2021-12-05,0.16820000000000002
630,2021-12-06,0.214175
631,2021-12-07,0.16176153846153846
632,2021-12-08,-0.06359375
633,2021-12-09,0.19933333333333333
634,2021-12-10,0.158025
635,2021-12-11,0.0894
636,2021-12-12,0.09248235294117647
637,2021-12-13,0.092625
638,2021-12-14,0.07552941176470589
639,2021-12-15,0.25229
640,2021-12-16,0.05532272727272727
641,2021-12-17,0.19437
642,2021-12-18,0.17754375
643,2021-12-19,0.16319230769230766
644,2021-12-20,0.11077
645,2021-12-21,0.16936
646,2021-12-22,0.17013333333333333
647,2021-12-23,0.35476
648,2021-12-24,0.008990909090909084
649,2021-12-25,0.18076666666666666
650,2021-12-26,0.18246666666666667
651,2021-12-27,0.17321
652,2021-12-28,0.6249
653,2021-12-29,0.09278333333333333
654,2021-12-30,0.03463
655,2021-12-31,0.0
656,2022-01-01,0.0
657,2022-01-02,0.21960000000000002
658,2022-01-03,-0.12206666666666666
659,2022-01-04,0.0
660,2022-01-05,0.2202
661,2022-01-06,0.19037500000000002
662,2022-01-07,0.0035333333333333328
663,2022-01-08,0.6369
664,2022-01-09,0.0
665,2022-01-10,-0.21030000000000001
666,2022-01-11,0.053366666666666666
667,2022-01-12,0.31532000000000004
668,2022-01-13,0.0
669,2022-01-14,0.09866666666666667
670,2022-01-15,0.08038
671,2022-01-16,0.15286470588235293
672,2022-01-17,0.22264285714285714
673,2022-01-18,0.1253
674,2022-01-19,0.13541176470588234
675,2022-01-20,0.1643
676,2022-01-21,0.07845454545454546
677,2022-01-22,0.0
678,2022-01-23,0.0
679,2022-01-24,0.0
680,2022-01-25,0.27370000000000005
681,2022-01-26,0.11928333333333334
682,2022-01-27,0.02395769230769231
683,2022-01-28,0.19498
684,2022-01-29,0.1845875
685,2022-01-30,0.03242352941176471
686,2022-01-31,-0.021200000000000004
687,2022-02-01,0.16162222222222222
688,2022-02-02,0.33931
689,2022-02-03,0.09555833333333334
690,2022-02-04,0.1953
691,2022-02-05,0.03977
692,2022-02-06,0.10210000000000002
693,2022-02-07,-0.09413125
694,2022-02-08,0.09852
695,2022-02-09,-0.03046249999999999
696,2022-02-10,0.156
697,2022-02-11,0.10674444444444445
698,2022-02-12,-0.064
699,2022-02-13,0.20517272727272726
700,2022-02-14,0.21675
701,2022-02-15,0.13396666666666665
702,2022-02-16,-0.1503857142857143
703,2022-02-17,0.10311999999999996
704,2022-02-18,0.13973750000000001
705,2022-02-19,0.11125714285714285
706,2022-02-20,0.06471818181818183
707,2022-02-21,0.15114285714285716
708,2022-02-22,0.08052727272727273
709,2022-02-23,0.26005
710,2022-02-24,0.0
711,2022-02-25,0.22047999999999998
712,2022-02-26,0.31105
713,2022-02-27,0.0
714,2022-02-28,0.5095
715,2022-03-01,-0.014533333333333323
716,2022-03-02,0.1089157894736842
717,2022-03-03,0.044433333333333325
718,2022-03-04,0.11873333333333334
719,2022-03-05,0.21777000000000002
720,2022-03-06,0.13977
721,2022-03-07,0.238175
722,2022-03-08,-0.28595
723,2022-03-09,0.20506666666666665
724,2022-03-10,0.0
725,2022-03-11,0.1591
726,2022-03-12,-0.33113333333333334
727,2022-03-13,-0.15806
728,2022-03-14,0.083275
729,2022-03-15,0.2312153846153846
730,2022-03-16,0.33371666666666666
731,2022-03-17,0.41918
732,2022-03-18,0.026585714285714292
733,2022-03-19,0.12501666666666666
734,2022-03-20,0.63495
735,2022-03-21,0.13291
736,2022-03-22,0.0
737,2022-03-23,0.0
738,2022-03-24,-0.0025799999999999933
739,2022-03-25,0.15037142857142857
740,2022-03-26,-0.07011428571428573
741,2022-03-27,0.07954285714285714
742,2022-03-28,0.2324166666666667
743,2022-03-29,0.2650357142857143
744,2022-03-30,0.16161666666666666
745,2022-03-31,0.13836666666666667
746,2022-04-01,0.0843
747,2022-04-02,0.3818
748,2022-04-03,0.04307037037037037
749,2022-04-04,0.17578
750,2022-04-05,0.06321
751,2022-04-06,0.2507333333333333
752,2022-04-07,0.20261111111111113
753,2022-04-08,0.19019166666666668
754,2022-04-09,0.0356875
755,2022-04-10,-0.01510769230769231
756,2022-04-11,0.0
757,2022-04-12,0.0
758,2022-04-13,0.0
759,2022-04-14,0.09979230769230768
760,2022-04-15,0.1772
761,2022-04-16,0.18987500000000002
762,2022-04-17,0.31777500000000003
763,2022-04-18,0.22836666666666666
764,2022-04-19,0.0129
765,2022-04-20,0.2281
766,2022-04-21,-0.006222857142857138
767,2022-04-22,0.1924
768,2022-04-23,0.04853333333333333
769,2022-04-24,0.10565714285714285
770,2022-04-25,0.10915
771,2022-04-26,0.19665714285714286
772,2022-04-27,0.11680666666666667
773,2022-04-28,0.20343157894736844
774,2022-04-29,0.04033888888888889
775,2022-04-30,0.034757142857142855
776,2022-05-01,0.14290833333333333
777,2022-05-02,0.09094444444444444
778,2022-05-03,0.15517
779,2022-05-04,0.3764
780,2022-05-05,0.0
781,2022-05-06,0.19859411764705884
782,2022-05-07,-0.04644
783,2022-05-08,0.3057
784,2022-05-09,0.012036000000000007
785,2022-05-10,0.31174999999999997
786,2022-05-11,0.09518750000000001
787,2022-05-12,0.18324000000000001
788,2022-05-13,-0.09523125
789,2022-05-14,0.03797222222222222
790,2022-05-15,0.14107916666666667
791,2022-05-16,0.16339285714285715
792,2022-05-17,0.263275
793,2022-05-18,-0.03957272727272727
794,2022-05-19,0.2099258064516129
795,2022-05-20,0.13337317073170732
796,2022-05-21,0.08134999999999999
797,2022-05-22,0.75
798,2022-05-23,0.23879166666666665
799,2022-05-24,0.0795153846153846
800,2022-05-25,0.2030818181818182
801,2022-05-26,0.05926666666666666
802,2022-05-27,0.17281052631578947
803,2022-05-28,0.219834375
804,2022-05-29,0.10590476190476192
805,2022-05-30,0.0946421052631579
806,2022-05-31,0.2191878787878788
807,2022-06-01,0.1985230769230769
808,2022-06-02,0.18888888888888888
809,2022-06-03,0.39240769230769235
810,2022-06-04,0.049618421052631576
811,2022-06-05,0.151375
812,2022-06-06,-0.044840000000000005
813,2022-06-07,0.11265
814,2022-06-08,-0.017275000000000013
815,2022-06-09,0.2858222222222222
816,2022-06-10,-0.029884999999999995
817,2022-06-11,0.2801368421052632
818,2022-06-12,0.21438571428571432
819,2022-06-13,0.24145
820,2022-06-14,0.089575
821,2022-06-15,0.114024
822,2022-06-16,0.23191724137931036
823,2022-06-17,0.22771666666666668
824,2022-06-18,0.20142962962962963
825,2022-06-19,0.26389285714285715
826,2022-06-20,0.24919285714285716
827,2022-06-21,0.1903166666666667
828,2022-06-22,0.0
829,2022-06-23,0.0
830,2022-06-24,0.0
831,2022-06-25,0.0
832,2022-06-26,0.0
833,2022-06-27,0.0
834,2022-06-28,0.0
835,2022-06-29,0.0
836,2022-06-30,0.0
837,2022-07-01,0.0
838,2022-07-02,0.35259999999999997
839,2022-07-03,0.0
840,2022-07-04,0.2038
841,2022-07-05,0.1699
842,2022-07-06,0.07537333333333335
843,2022-07-07,0.10757142857142857
844,2022-07-08,0.0037454545454545466
845,2022-07-09,0.0
846,2022-07-10,0.0
847,2022-07-11,0.018255000000000004
848,2022-07-12,0.13515000000000002
849,2022-07-13,0.1987
850,2022-07-14,0.6365000000000001
851,2022-07-15,0.13859
852,2022-07-16,0.004400000000000015
853,2022-07-17,0.0
854,2022-07-18,0.1597578947368421
855,2022-07-19,0.13786363636363635
856,2022-07-20,0.224975
857,2022-07-21,0.09459090909090909
858,2022-07-22,0.1579
859,2022-07-23,-0.00022500000000000298
860,2022-07-24,0.045505263157894736
861,2022-07-25,0.065225
862,2022-07-26,0.020483333333333336
863,2022-07-27,0.14244
864,2022-07-28,0.4019
865,2022-07-29,0.3069909090909091
866,2022-07-30,0.08952142857142856
867,2022-07-31,0.09768000000000002
868,2022-08-01,0.04837692307692308
869,2022-08-02,0.21183749999999998
870,2022-08-03,0.0
871,2022-08-04,0.146425
872,2022-08-05,0.2235
873,2022-08-06,0.06306153846153847
874,2022-08-07,0.0
875,2022-08-08,0.27936666666666665
876,2022-08-09,0.0
877,2022-08-10,0.13586
878,2022-08-11,-0.059550000000000006
879,2022-08-12,0.032766666666666666
880,2022-08-13,0.10403636363636365
881,2022-08-14,0.1349
882,2022-08-15,0.8268
883,2022-08-16,0.3902666666666667
884,2022-08-17,0.07332916666666667
885,2022-08-18,0.0662125
886,2022-08-19,0.09596249999999999
887,2022-08-20,-0.03423333333333333
888,2022-08-21,0.4241
889,2022-08-22,0.3176875
890,2022-08-23,0.03536363636363637
891,2022-08-24,0.13928749999999998
892,2022-08-25,0.071225
893,2022-08-26,0.07075882352941176
894,2022-08-27,-0.5849
895,2022-08-28,0.23479545454545453
896,2022-08-29,0.345275
897,2022-08-30,0.24760000000000001
898,2022-08-31,0.074
899,2022-09-01,0.33277999999999996
900,2022-09-02,0.0
901,2022-09-03,0.0
902,2022-09-04,0.6553333333333332
903,2022-09-05,0.045720000000000004
904,2022-09-06,-0.022439999999999998
905,2022-09-07,0.0
906,2022-09-08,0.27558499999999997
907,2022-09-09,-0.0173
908,2022-09-10,0.12955
909,2022-09-11,0.02542000000000001
910,2022-09-12,0.08209999999999999
